year,month,day,day_of_week,date,total_cyclist_injured,total_cyclist_killed,collisions_w_cyclists_inj_kill,total_motorist_injured,total_motorist_killed,collisions_w_motorists_inj_kill,total_pedestrians_injured,total_pedestrians_killed,collisions_w_pedestrians_inj_kill,total_persons_injured,total_persons_killed,collisions_w_persons_inj_kill,collisions_w_fatalities,total_vehicles_involved,total_collisions,aggressive_driving_road_rage,animals_action,backing_unsafely,driver_inattention_distraction,driver_inexperience,driver_unwell_medical,environmental_defect_failure,failure_to_keep_right,failure_to_yield_right_of_way,following_too_closely,oversized_vehicle,passing_or_lane_usage_improper,pedestrian_bicyclist_other_pedestrian_error_confusion,physical_disability,reaction_to_uninvolved_vehicle,traffic_control_disregarded,turning_improperly,unsafe_speed,vehicle_failure,visual_distraction_obstruction,temp_c,slp_c,visib_c,wdsp_c,prcp_c,fog_c,avg_speed_all
2023,1,1,1,2023-01-01,4,0,4,106,0,64,25,1,25,135,1,91,1,547,272,1,0,6,82,5,19,8,1,21,21,0,31,5,0,1,7,3,19,8,1,50.3,1009.6,6.2,12.4,0.63,1,37.865727472899728
2023,1,2,2,2023-01-02,10,1,11,70,1,44,36,0,18,116,2,72,2,374,201,2,0,5,50,8,9,1,0,11,5,0,23,0,0,2,7,4,18,11,4,45.8,1017.7,10.0,7.6,0.2,0,39.071282181571817
2023,1,3,3,2023-01-03,9,0,9,61,0,46,28,0,28,98,0,83,0,400,220,3,0,9,53,7,1,7,0,22,7,1,15,1,0,1,3,5,11,9,10,45.6,1019.4,5.8,7.3,0.0,1,34.807424345076782
2023,1,4,4,2023-01-04,10,0,10,56,0,43,41,0,38,107,0,91,0,452,246,4,0,6,50,3,9,1,1,28,19,1,26,1,0,4,5,11,7,15,6,52.4,1011.3,3.4,8.0,0.23,1,34.558285060975606
2023,1,5,5,2023-01-05,8,1,8,82,1,51,35,0,34,125,2,93,2,415,228,1,0,9,58,3,6,2,1,26,11,2,28,2,0,1,3,9,10,11,0,49.0,1012.8,2.1,10.3,0.16,1,34.564526592140922
2023,1,6,6,2023-01-06,8,0,8,92,0,63,27,1,27,127,1,97,1,450,229,4,0,7,65,4,11,2,0,14,15,1,35,1,0,1,9,4,14,8,4,46.6,1013.4,3.7,9.0,0.1,0,33.716015977868111
2023,1,7,7,2023-01-07,7,0,7,60,0,43,13,0,12,80,0,61,0,345,177,1,0,6,52,3,8,1,1,9,15,1,20,2,0,5,11,9,10,6,2,41.2,1017.1,9.1,7.5,0.1,0,37.339038222673892
2023,1,8,1,2023-01-08,7,0,7,55,1,43,18,0,18,80,1,68,1,339,183,2,0,8,43,2,8,0,0,14,14,1,21,2,0,0,5,2,10,8,2,36.9,1022.8,10.0,9.9,0.0,0,38.826405826558265
2023,1,9,2,2023-01-09,8,0,8,79,0,55,23,0,21,110,0,84,0,437,239,3,1,11,52,5,6,2,1,13,20,2,31,1,0,4,10,6,4,15,4,41.1,1013.7,9.8,8.2,0.0,0,34.952428861788619
2023,1,10,3,2023-01-10,4,1,5,95,0,61,30,0,30,129,1,95,1,447,247,3,1,5,72,4,3,0,0,16,17,1,34,0,0,2,1,17,10,7,6,39.3,1013.2,10.0,9.7,0.02,0,35.165068694937823
2023,1,11,4,2023-01-11,6,0,6,70,0,50,16,0,16,92,0,72,0,402,212,2,0,4,48,5,9,2,0,16,18,1,30,1,0,4,12,5,9,10,1,37.5,1022.0,10.0,6.9,0.0,0,35.419192073170734
2023,1,12,5,2023-01-12,12,0,12,72,0,48,51,2,52,135,2,112,2,494,275,2,0,11,71,2,2,6,0,28,23,1,23,2,0,6,11,6,10,10,5,39.6,1023.8,10.0,10.4,0.0,0,31.786877258355918
2023,1,13,6,2023-01-13,11,0,11,118,0,74,30,0,29,159,0,114,0,558,294,3,1,10,73,3,6,6,2,28,23,1,32,5,3,4,8,11,7,9,4,50.0,1008.1,4.5,14.4,0.18,1,34.322558029928125
2023,1,21,7,2023-01-21,6,0,6,97,1,63,12,0,12,115,1,81,1,435,223,2,0,8,65,7,14,0,0,6,12,1,21,1,0,2,9,6,11,12,3,36.7,1015.5,9.5,9.9,0.03,0,34.263204495979387
2023,1,22,1,2023-01-22,2,0,2,97,0,52,38,0,36,137,0,90,0,437,238,1,0,3,64,8,11,4,0,21,12,0,21,0,0,3,8,2,13,6,7,36.2,1022.4,10.0,6.6,0.0,0,35.77271087398374
2023,1,23,2,2023-01-23,6,0,6,98,0,63,49,0,45,153,0,113,0,451,251,2,0,6,71,9,2,3,1,27,10,1,28,4,0,2,6,5,9,8,4,45.2,996.6,2.9,13.2,0.67,1,32.886240860457896
2023,1,24,3,2023-01-24,11,0,11,75,0,50,25,0,24,111,0,85,0,445,232,6,0,9,57,4,4,0,0,22,17,2,32,1,0,3,5,10,11,8,6,36.3,1013.9,9.8,15.2,0.04,0,33.752845246160796
2023,1,25,4,2023-01-25,11,0,11,72,0,54,44,0,42,127,0,106,0,446,251,0,0,9,64,5,11,2,0,24,20,1,29,3,0,1,7,8,8,13,5,36.9,1024.5,10.0,7.3,0.0,0,32.867181748791452
2023,1,26,5,2023-01-26,1,0,1,78,0,54,27,0,27,106,0,82,0,470,252,3,0,13,63,6,3,3,0,19,18,3,26,1,0,3,8,10,13,12,2,47.6,1003.4,5.5,22.4,0.85,0,32.458447662601628
2023,1,27,6,2023-01-27,9,0,9,71,0,46,22,1,23,102,1,77,1,434,229,1,0,13,65,8,4,2,0,20,15,1,23,2,0,3,7,6,10,8,6,38.4,1015.4,9.9,10.7,0.01,0,33.405032746160792
2023,1,28,7,2023-01-28,7,0,7,71,1,53,25,1,25,103,2,84,2,483,251,2,0,8,63,6,13,0,0,12,22,0,28,2,1,2,5,7,13,14,3,39.7,1023.4,10.0,8.1,0.0,0,35.257379742547428
2023,1,29,1,2023-01-29,7,0,7,69,3,51,13,0,12,89,3,69,2,401,210,3,0,5,56,5,2,1,0,16,16,2,21,2,0,1,12,5,15,5,4,43.9,1025.9,9.6,9.3,0.0,0,37.204279018550416
2023,1,30,2,2023-01-30,9,0,9,77,0,55,23,0,23,109,0,86,0,425,225,3,0,10,59,4,3,0,0,11,12,0,40,4,0,1,4,7,5,6,4,44.6,1020.3,9.4,7.9,0.02,1,33.724658705962057
2023,1,31,3,2023-01-31,9,0,9,77,0,57,27,0,27,113,0,93,0,488,254,0,0,14,69,4,7,5,0,20,17,0,32,1,0,2,5,4,7,16,4,38.2,1019.4,7.6,9.5,0.0,1,31.78274785456188
2023,2,1,4,2023-02-01,7,0,7,77,0,58,35,0,35,119,0,100,0,476,251,3,0,9,70,4,6,5,2,21,21,2,23,3,0,1,11,12,6,11,5,30.8,1022.7,8.4,10.3,0.02,0,31.8986060298103
2023,2,2,5,2023-02-02,12,0,12,105,0,72,25,0,24,142,0,108,0,477,259,2,1,8,66,4,8,1,0,20,18,1,39,4,0,2,11,8,12,8,2,28.2,1021.8,10.0,6.0,0.0,0,32.304471388645794
2023,2,3,6,2023-02-03,9,0,9,99,1,67,32,0,31,140,1,107,1,555,305,2,0,16,80,4,10,1,0,20,19,1,31,0,0,2,11,11,14,16,4,30.4,1008.6,10.0,20.7,0.0,0,32.576057475158088
2023,2,4,7,2023-02-04,4,0,4,91,0,59,11,0,11,106,0,74,0,410,221,4,0,6,63,5,11,1,1,10,16,2,32,2,0,3,5,6,13,15,1,6.2,1028.8,10.0,19.3,0.0,0,36.343225121101383
2023,2,5,1,2023-02-05,8,0,8,82,0,49,16,1,17,106,1,74,1,405,205,5,0,5,66,7,11,0,0,13,20,0,21,1,0,1,5,4,2,10,5,36.3,1025.0,9.4,13.5,0.0,0,36.564362199371125
2023,2,6,2,2023-02-06,8,0,8,89,0,67,27,0,25,124,0,98,0,483,251,2,0,11,62,5,8,0,1,16,30,2,33,4,0,2,5,8,10,12,2,42.3,1014.4,6.8,11.1,0.0,1,33.041752201897019
2023,2,7,3,2023-02-07,9,0,9,87,0,63,18,0,18,114,0,90,0,474,252,1,0,8,72,9,4,3,0,21,16,2,33,4,1,3,4,5,11,10,1,34.6,1023.5,10.0,17.6,0.0,0,32.820245878500451
2023,2,8,4,2023-02-08,13,0,13,83,1,56,38,0,37,134,1,106,1,402,227,0,0,6,60,7,1,1,0,24,17,2,23,4,0,5,7,3,7,10,3,40.8,1019.2,9.2,10.7,0.05,0,32.387690550070523
2023,2,9,5,2023-02-09,3,0,3,64,0,52,28,0,26,95,0,81,0,442,232,2,0,5,59,8,8,0,0,22,12,3,29,1,0,3,3,5,7,9,5,39.9,1024.6,10.0,6.7,0.0,0,32.723359111639894
2023,2,10,6,2023-02-10,13,0,12,131,0,86,29,0,29,173,0,125,0,576,293,3,0,6,86,2,5,0,0,26,21,1,29,3,0,6,13,3,13,16,7,48.1,1010.2,7.1,14.8,0.0,1,31.479806813281588
2023,2,11,7,2023-02-11,8,0,8,80,0,55,29,0,28,117,0,91,0,503,258,3,0,14,59,9,13,1,1,19,17,0,30,3,0,4,4,5,9,12,1,40.5,1018.3,10.0,13.0,0.0,0,34.196479394353368
2023,2,12,1,2023-02-12,7,0,7,67,0,41,20,0,19,94,0,67,0,380,201,2,0,7,45,5,17,2,1,11,11,0,17,1,0,4,6,6,11,9,1,38.2,1021.0,10.0,7.1,0.0,0,36.883493852459019
2023,2,13,2,2023-02-13,16,0,16,106,1,74,28,0,27,150,1,116,1,475,259,10,0,6,65,8,4,3,1,18,24,2,28,4,0,4,11,7,9,9,4,42.2,1001.8,7.8,14.6,0.53,0,34.190693590619311
2023,2,14,3,2023-02-14,11,0,11,105,0,64,17,0,17,133,0,91,0,480,253,4,0,9,57,3,4,0,0,18,26,1,38,5,0,2,5,9,15,15,6,40.3,1010.2,9.4,7.9,0.14,0,32.077023850182151
2023,2,15,4,2023-02-15,16,0,16,97,0,66,25,0,25,138,0,104,0,507,262,2,1,10,64,5,3,0,0,25,19,0,39,3,0,1,6,5,10,17,1,41.2,1020.7,9.1,9.3,0.0,0,32.262231614298727
2023,2,16,5,2023-02-16,14,0,14,88,0,56,31,0,29,133,0,98,0,491,259,2,0,6,72,5,3,1,0,20,23,0,43,1,0,3,9,3,6,6,3,47.6,1014.7,8.0,10.5,0.0,0,30.894640539617487
2023,2,17,6,2023-02-17,10,0,10,115,0,76,23,2,25,148,2,110,2,516,274,3,1,12,78,9,6,4,0,14,17,4,24,3,0,7,7,2,10,16,8,47.6,1006.1,1.4,11.9,0.05,1,30.230016222677595
2023,2,18,7,2023-02-18,10,0,10,87,0,60,10,1,11,107,1,80,1,491,251,1,1,6,61,9,15,1,1,18,15,0,30,2,0,4,9,6,16,12,7,32.3,1021.4,9.3,15.8,0.09,0,33.456180099388817
2023,2,19,1,2023-02-19,10,0,10,102,0,61,17,1,17,129,1,87,1,494,233,4,0,14,64,2,12,2,1,14,19,1,24,4,0,3,7,4,9,14,2,39.2,1027.4,10.0,8.2,0.0,0,34.976182098589135
2023,2,20,2,2023-02-20,5,0,5,83,0,41,18,0,17,106,0,63,0,347,184,3,0,6,44,4,9,0,0,7,13,2,15,3,0,3,7,5,10,14,2,46.2,1011.6,5.3,13.2,0.17,1,34.118984232695809
2023,2,21,3,2023-02-21,7,1,8,113,0,68,22,1,23,142,2,98,2,416,222,0,0,8,59,3,7,3,0,12,24,3,29,3,0,3,10,8,9,8,6,40.8,1003.7,8.8,8.7,0.0,0,31.922124967473327
2023,2,22,4,2023-02-22,5,0,5,77,0,45,14,0,14,96,0,64,0,398,207,1,1,7,61,4,3,3,0,16,9,0,22,3,0,2,4,6,10,6,1,40.4,1016.3,9.9,8.5,0.25,0,31.297978142076502
2023,2,23,5,2023-02-23,12,0,12,79,0,56,18,0,17,109,0,84,0,391,209,0,2,6,56,5,12,2,0,15,13,3,24,1,0,1,4,5,9,7,3,38.7,1014.2,7.4,10.2,0.14,0,31.288377416756177
2023,2,24,6,2023-02-24,5,1,6,86,0,64,28,1,29,119,2,99,2,514,268,5,0,10,77,5,9,1,0,16,18,0,28,1,0,4,7,7,9,11,3,38.9,1017.5,8.9,13.7,0.13,0,29.816456462641074
2023,2,25,7,2023-02-25,8,0,8,86,2,59,14,0,13,108,2,80,2,446,236,2,0,2,57,5,11,1,0,15,16,4,29,1,1,5,3,3,15,14,4,23.6,1030.8,8.7,11.5,0.0,0,33.843908811475409
2023,2,26,1,2023-02-26,7,0,7,89,0,57,20,0,20,116,0,84,0,441,230,2,0,4,56,8,13,0,1,11,8,0,24,0,0,7,12,6,15,14,5,27.9,1015.9,9.5,7.1,0.0,0,34.485167349726773
2023,2,27,2,2023-02-27,6,0,6,87,0,60,20,0,19,113,0,84,0,454,239,1,0,10,61,3,6,7,0,12,17,1,25,4,0,3,4,5,6,11,2,33.3,1012.8,10.0,11.3,0.0,0,31.283219856541045
2023,2,28,3,2023-02-28,6,0,6,76,0,56,16,0,15,98,0,75,0,421,225,0,0,7,57,5,1,19,1,12,18,2,24,1,0,3,11,3,10,10,3,34.8,1009.0,5.3,13.9,0.02,0,31.754271971766848
2023,3,1,4,2023-03-01,12,0,12,111,0,74,39,0,38,162,0,123,0,582,307,0,0,8,73,3,5,7,0,28,27,3,32,4,0,3,10,12,19,11,5,38.9,1018.0,9.4,9.8,0.01,0,30.419740429770883
2023,3,2,5,2023-03-02,13,0,13,74,0,48,27,0,27,114,0,88,0,449,244,2,0,8,68,6,8,2,0,16,16,2,24,3,0,4,4,1,4,10,3,43.2,1011.0,8.0,13.3,0.01,1,30.748767220767391
2023,3,3,6,2023-03-03,12,0,12,100,0,61,28,2,28,140,2,101,2,510,279,5,1,5,97,5,8,3,0,15,18,1,29,3,0,2,7,6,11,9,2,39.8,1013.8,10.0,11.9,0.0,0,31.229789674408014
2023,3,4,7,2023-03-04,10,1,11,105,0,65,16,0,16,131,1,92,1,492,265,2,0,10,69,8,12,11,3,16,10,1,21,3,0,4,13,4,13,13,3,39.8,1002.3,6.6,22.2,0.34,0,33.113004640040991
2023,3,5,1,2023-03-05,10,0,8,120,0,66,12,0,12,142,0,86,0,523,260,1,0,8,72,2,18,0,1,18,22,2,30,0,0,4,13,2,12,10,4,37.7,1015.4,9.1,11.7,0.02,0,32.250889685792352
2023,3,6,2,2023-03-06,16,0,16,103,0,65,22,0,21,141,0,100,0,466,250,3,0,12,60,4,4,2,0,17,17,0,33,4,0,3,7,7,7,10,6,42.0,1013.9,10.0,16.7,0.0,0,30.075596254553734
2023,3,7,3,2023-03-07,12,1,13,100,1,70,24,1,24,136,3,106,3,506,268,4,1,5,66,3,8,1,0,23,19,0,41,2,0,4,6,8,13,11,4,38.1,1005.7,10.0,14.5,0.0,0,30.357463115921391
2023,3,8,4,2023-03-08,12,0,12,62,0,51,27,0,27,101,0,89,0,423,230,2,1,6,56,4,7,0,0,19,16,1,28,5,0,0,8,8,7,9,3,36.6,1012.7,9.7,18.8,0.0,0,30.801442679872494
2023,3,9,5,2023-03-09,9,1,10,107,0,67,29,0,27,145,1,103,1,540,289,5,0,11,87,6,12,3,0,16,13,4,40,5,0,2,6,8,8,14,4,40.9,1017.2,10.0,14.8,0.0,0,30.346876696670954
2023,3,10,6,2023-03-10,12,0,12,89,0,62,42,1,43,143,1,117,1,531,283,2,0,12,70,4,7,11,1,31,31,1,28,7,0,4,11,6,5,10,3,38.7,1016.6,10.0,8.3,0.0,0,29.744911037093974
2023,3,11,7,2023-03-11,11,0,11,96,1,69,20,0,19,127,1,99,1,463,240,3,0,5,57,5,9,14,1,16,23,0,24,2,0,1,7,6,15,13,1,37.5,1006.9,9.0,14.7,0.09,0,33.421775956284151
2023,3,12,1,2023-03-12,10,0,10,93,0,62,10,0,10,113,0,82,0,394,206,0,0,8,57,6,10,0,0,14,16,1,19,1,0,2,4,4,11,16,3,39.6,1012.5,10.0,17.0,0.24,0,34.507619980993113
2023,3,13,2,2023-03-13,14,0,14,114,1,76,45,0,41,173,1,131,1,574,310,2,0,7,78,13,5,12,1,34,23,1,28,5,0,1,11,4,16,13,5,40.0,1015.5,9.5,9.3,0.0,0,30.46393613982978
2023,3,14,3,2023-03-14,5,0,5,94,0,58,36,0,36,135,0,99,0,493,264,5,0,9,69,6,6,7,0,26,15,2,28,2,0,0,9,10,9,13,3,42.1,998.2,7.6,17.8,0.18,0,32.219479005998288
2023,3,15,4,2023-03-15,15,0,15,110,0,79,35,0,31,160,0,124,0,511,273,4,0,12,58,9,6,1,0,20,19,2,30,3,0,6,12,3,11,18,4,38.2,998.4,9.3,20.7,0.23,0,30.418908255833855
2023,3,16,5,2023-03-16,14,0,14,93,0,62,22,0,22,129,0,98,0,472,241,6,0,10,68,5,8,1,0,26,12,2,22,3,0,2,7,3,9,14,7,40.7,1010.3,10.0,16.7,0.01,0,29.800812841530053
2023,3,17,6,2023-03-17,10,1,11,137,0,71,39,0,36,186,1,116,1,529,278,0,0,8,65,4,12,3,0,24,24,2,28,3,0,0,13,7,7,16,3,42.7,1010.3,9.9,9.8,0.0,0,30.801057889344264
2023,3,18,7,2023-03-18,12,0,12,74,0,48,13,0,13,99,0,73,0,449,229,1,0,15,61,5,9,3,0,9,9,1,29,2,0,0,7,15,12,11,3,45.3,1003.2,7.7,8.6,0.02,0,32.026440403005466
2023,3,19,1,2023-03-19,10,0,10,91,0,58,11,0,11,112,0,79,0,489,243,3,0,9,67,8,13,1,0,10,14,0,22,2,0,4,11,8,14,16,4,38.0,1010.0,10.0,14.6,0.01,0,33.001106557377049
2023,3,20,2,2023-03-20,13,0,13,93,1,65,34,1,33,140,2,109,1,526,282,4,0,11,89,6,9,2,2,25,12,1,30,1,1,4,11,3,11,10,3,36.5,1022.9,10.0,14.3,0.0,0,31.630796603891849
2023,3,21,3,2023-03-21,10,0,10,85,0,66,20,0,20,115,0,96,0,459,239,1,0,13,70,7,6,0,0,20,9,1,33,3,0,4,10,5,16,11,1,42.1,1026.1,10.0,10.8,0.0,0,30.328890854615494
2023,3,22,4,2023-03-22,15,0,15,71,0,46,21,2,21,107,2,81,2,404,216,3,0,8,64,6,4,0,1,13,19,0,32,1,0,4,7,8,7,6,4,42.8,1028.5,9.7,6.2,0.0,0,31.13154011707989
2023,3,23,5,2023-03-23,9,0,9,108,0,71,21,1,22,138,1,102,1,489,251,2,0,11,70,7,6,3,1,16,16,2,33,2,0,2,5,9,8,12,5,45.9,1018.0,6.5,9.7,0.03,1,30.166806703397611
2023,3,24,6,2023-03-24,12,0,12,92,0,66,26,0,23,130,0,100,0,457,240,4,0,4,62,8,6,0,1,15,24,1,22,2,0,4,3,10,14,4,5,46.3,1010.4,7.5,9.7,0.05,1,31.04148243801653
2023,3,25,7,2023-03-25,6,0,6,98,0,50,17,0,17,121,0,72,0,413,222,1,0,7,60,5,10,4,0,19,11,0,18,2,0,4,7,6,12,9,3,38.3,1019.0,9.5,10.0,0.0,0,32.220938934802568
2023,3,26,1,2023-03-26,19,0,18,114,0,65,23,0,23,156,0,104,0,543,283,0,0,5,70,5,16,4,0,24,18,1,29,2,0,1,8,8,16,10,5,46.5,1009.3,6.4,15.2,0.09,1,32.89643021120294
2023,3,27,2,2023-03-27,14,0,14,73,0,55,37,1,36,124,1,104,1,486,263,0,1,10,75,4,6,1,0,21,21,0,29,6,1,2,9,7,11,8,3,43.7,1016.8,9.7,6.5,0.0,0,31.146986340679522
2023,3,28,3,2023-03-28,15,0,15,88,0,60,17,0,17,120,0,92,0,453,240,1,0,8,71,5,4,2,0,15,9,4,25,3,0,5,6,8,13,11,4,42.1,1015.9,10.0,9.2,0.01,0,31.796250573921029
2023,3,29,4,2023-03-29,12,0,12,80,0,63,20,0,19,112,0,94,0,525,269,3,0,12,64,2,10,1,0,22,25,3,38,3,0,4,4,13,11,7,4,39.8,1019.3,9.6,6.6,0.0,0,30.037306301652894
2023,3,30,5,2023-03-30,15,0,15,91,0,58,29,2,30,135,2,103,2,547,291,2,0,9,85,8,5,3,0,18,20,1,41,4,0,4,4,4,16,12,7,39.4,1019.5,10.0,12.7,0.0,0,29.321936409550045
2023,3,31,6,2023-03-31,13,0,13,109,0,66,15,0,15,137,0,94,0,491,251,3,0,7,71,7,7,0,1,17,16,0,35,1,1,6,9,6,6,10,3,38.9,1026.2,10.0,9.8,0.0,0,30.910214359504131
2023,4,1,7,2023-04-01,15,0,15,110,0,73,26,0,26,151,0,113,0,512,272,0,1,7,82,5,12,2,0,18,21,0,34,2,0,6,7,7,11,9,4,48.8,1006.7,3.7,17.6,0.19,1,32.655583677685954
2023,4,2,1,2023-04-02,7,0,7,108,0,67,22,0,22,137,0,96,0,461,242,4,0,5,65,3,11,3,0,14,20,1,23,2,0,2,10,7,12,9,8,47.0,1004.3,7.8,14.5,0.31,1,33.3157016184573
2023,4,3,2,2023-04-03,9,0,8,114,0,78,24,0,24,147,0,110,0,496,257,3,0,8,65,4,5,1,0,22,32,0,21,4,0,1,9,7,12,11,8,40.3,1020.7,10.0,8.7,0.0,0,31.812756829660238
2023,4,4,3,2023-04-04,25,0,24,126,0,84,25,0,25,176,0,133,0,556,298,1,1,10,81,7,5,1,0,24,28,0,32,0,0,2,13,9,16,12,5,49.7,1018.9,10.0,9.1,0.0,0,31.346253443526169
2023,4,5,4,2023-04-05,15,1,15,119,0,76,27,2,29,161,3,117,3,508,270,1,1,7,69,6,11,5,0,19,23,0,28,1,0,1,10,8,13,14,10,47.5,1024.6,7.8,9.6,0.19,0,29.283544249311294
2023,4,6,5,2023-04-06,12,0,12,79,0,52,23,0,22,114,0,85,0,411,220,3,0,15,60,5,6,3,0,17,10,4,18,1,0,0,7,9,9,15,3,50.8,1021.5,4.6,9.3,0.02,1,32.219230371900828
2023,4,7,6,2023-04-07,14,0,14,118,0,54,11,0,11,143,0,78,0,393,206,2,0,10,49,4,4,1,0,15,8,2,25,4,0,2,7,5,11,10,5,50.0,1022.2,8.9,9.4,0.13,1,32.963976411845728
2023,4,8,7,2023-04-08,10,0,10,98,0,60,15,0,15,123,0,84,0,410,218,1,0,7,53,8,9,0,1,14,12,0,19,0,0,6,8,4,12,9,7,41.8,1029.4,10.0,9.9,0.11,0,33.496540274706085
2023,4,9,1,2023-04-09,9,0,9,83,1,51,17,0,16,109,1,75,1,415,208,2,1,8,55,10,7,0,0,13,11,0,16,1,0,4,9,10,13,9,5,40.9,1032.3,10.0,8.0,0.0,0,32.109001377410472
2023,4,10,2,2023-04-10,13,1,14,84,0,53,11,0,11,108,1,78,1,408,214,0,0,10,56,4,3,1,0,9,29,1,20,3,0,6,10,7,5,8,3,43.3,1030.1,10.0,10.6,0.0,0,31.166641414141413
2023,4,11,3,2023-04-11,11,0,11,88,2,57,19,0,19,118,2,87,1,385,204,1,2,8,52,6,3,0,1,20,21,1,16,1,0,4,5,7,6,15,4,47.9,1020.2,10.0,13.6,0.0,0,31.183086922834104
2023,4,12,4,2023-04-12,16,0,15,87,0,62,22,1,23,125,1,97,1,429,227,0,0,8,65,3,5,1,0,11,10,0,34,9,0,1,5,2,9,12,2,56.7,1007.9,10.0,14.7,0.0,0,31.629314451331496
2023,4,13,5,2023-04-13,28,0,27,83,0,56,17,0,16,128,0,98,0,457,233,2,0,4,70,8,5,0,1,9,20,0,27,5,0,6,7,6,13,9,2,53.4,1010.1,9.4,7.2,0.0,0,30.640850300089021
2023,4,14,6,2023-04-14,15,0,15,128,1,80,26,1,26,169,2,121,2,534,276,5,0,15,81,14,5,1,1,22,30,1,25,2,0,9,9,7,11,8,3,58.6,1010.7,10.0,8.4,0.0,0,29.485326561065197
2023,4,15,7,2023-04-15,9,0,9,93,0,67,11,2,13,113,2,89,2,470,236,2,0,9,59,7,13,2,0,10,20,0,30,2,0,3,7,7,15,12,2,53.3,1015.0,6.9,7.6,0.0,1,30.524211145546371
2023,4,16,1,2023-04-16,7,1,8,98,0,63,12,1,12,117,2,83,2,444,219,0,0,6,73,6,11,0,1,7,20,0,27,3,0,3,6,5,14,12,1,56.1,1011.4,5.0,6.1,0.46,1,32.288333620293848
2023,4,17,2,2023-04-17,12,0,12,109,0,72,25,0,25,146,0,109,0,462,253,0,0,5,74,3,5,3,0,22,19,0,20,4,1,3,18,5,7,16,1,51.1,1006.7,1.7,7.5,0.0,1,30.898876836547291
2023,4,18,3,2023-04-18,8,0,8,80,0,53,16,0,16,104,0,77,0,458,234,4,0,10,59,3,3,0,0,20,21,3,34,6,0,3,7,5,12,13,4,51.7,1006.6,8.3,12.6,0.0,1,29.223999368686869
2023,4,19,4,2023-04-19,19,0,19,84,1,60,26,0,20,129,1,98,1,523,267,3,0,6,77,12,9,0,0,12,22,3,32,3,0,2,11,8,14,11,5,48.2,1014.0,10.0,13.1,0.0,0,28.523727043158861
2023,4,20,5,2023-04-20,15,0,15,105,0,72,30,0,28,150,0,113,0,545,276,6,0,11,76,4,6,0,0,20,20,2,30,4,1,2,7,10,11,14,4,47.3,1021.5,10.0,9.1,0.0,0,28.132321510560146
2023,4,21,6,2023-04-21,22,0,22,123,0,80,20,0,20,165,0,121,0,588,303,4,0,9,88,7,10,0,0,17,23,2,35,2,0,3,8,10,14,23,2,47.8,1021.4,10.0,8.2,0.0,0,28.96826733241506
2023,4,22,7,2023-04-22,15,0,15,101,0,58,23,0,21,139,0,93,0,484,253,1,1,6,58,10,10,3,1,14,24,0,24,2,0,5,9,4,10,10,5,48.5,1019.6,10.0,13.7,0.0,0,30.161409837006428
2023,4,23,1,2023-04-23,8,0,8,116,0,71,14,0,11,138,0,89,0,504,266,1,0,12,75,6,10,12,0,17,15,2,26,1,0,0,12,6,15,20,3,49.6,1015.7,9.2,17.6,0.0,0,30.953429752066114
2023,4,24,2,2023-04-24,11,0,11,118,0,80,24,0,21,153,0,112,0,564,296,3,0,15,72,7,10,0,1,20,14,1,32,2,1,5,6,10,14,16,5,50.1,1015.9,7.8,6.8,0.19,1,30.920376779155188
2023,4,25,3,2023-04-25,14,0,14,101,0,63,19,0,17,134,0,93,0,487,255,3,0,7,69,7,6,1,0,22,21,2,32,2,0,4,4,4,6,17,10,48.9,1019.6,8.6,5.0,0.0,1,29.772198117539027
2023,4,26,4,2023-04-26,22,0,22,114,0,78,18,1,18,154,1,117,1,545,277,1,1,11,63,10,9,2,0,24,24,1,38,6,0,4,10,7,12,11,3,46.9,1023.5,10.0,6.7,0.0,0,29.355251664370982
2023,4,27,5,2023-04-27,11,0,11,102,0,62,20,0,20,133,0,91,0,426,227,1,1,5,53,8,8,1,1,15,19,4,30,2,0,2,11,3,10,9,4,44.1,1024.2,10.0,4.8,0.0,0,28.137301136363636
2023,4,28,6,2023-04-28,17,0,17,111,0,73,36,2,36,164,2,126,2,556,298,1,0,10,84,5,10,2,0,31,20,0,33,3,0,7,7,10,15,14,5,46.1,1023.3,8.4,5.9,0.0,0,28.32407196969697
2023,4,29,7,2023-04-29,11,0,11,130,0,88,25,2,27,166,2,126,2,610,323,0,1,4,81,14,11,22,0,16,30,0,23,4,1,7,13,4,24,11,8,48.5,1018.1,9.2,13.3,0.0,0,28.9125826446281
2023,4,30,1,2023-04-30,4,0,4,107,0,71,14,0,14,125,0,89,0,533,281,1,1,6,77,7,10,18,0,17,11,0,25,1,0,3,14,2,14,15,5,51.9,1007.5,4.1,19.2,0.05,1,30.364058195592285
2023,5,1,2,2023-05-01,18,1,19,87,1,62,21,0,21,126,2,102,2,500,256,1,1,12,75,8,4,3,1,17,22,1,32,3,0,3,5,3,12,6,1,54.5,995.7,6.3,20.0,0.48,1,29.491779969914372
2023,5,2,3,2023-05-02,14,0,14,88,0,63,21,0,21,123,0,98,0,447,236,5,0,12,64,6,3,4,0,14,13,0,26,7,0,2,9,6,4,13,3,51.5,998.2,9.5,12.1,0.02,0,28.936995505292156
2023,5,3,4,2023-05-03,16,0,15,94,0,62,24,0,21,134,0,98,0,488,255,1,0,7,69,7,9,3,0,14,19,3,28,4,0,2,8,5,12,11,5,50.8,999.5,10.0,8.7,0.04,0,29.33369863406795
2023,5,4,5,2023-05-04,10,0,10,89,0,65,24,0,22,123,0,97,0,537,277,1,0,12,76,5,5,2,0,21,21,3,34,2,0,6,10,6,7,9,2,46.4,1007.8,9.6,13.6,0.0,0,28.213232323232322
2023,5,5,6,2023-05-05,21,0,21,101,0,68,26,0,25,148,0,113,0,547,292,2,0,8,71,7,9,1,0,16,15,1,42,5,1,2,9,9,12,15,3,48.3,1019.6,9.7,12.9,0.0,0,28.376097511980944
2023,5,6,7,2023-05-06,15,0,15,149,0,87,28,0,28,192,0,128,0,652,339,4,0,5,92,7,21,0,1,20,30,0,43,2,0,6,4,4,26,20,3,55.1,1020.3,10.0,11.0,0.0,0,28.987374611756586
2023,5,7,1,2023-05-07,23,0,22,118,3,72,28,0,24,169,3,114,1,540,287,3,0,8,62,5,12,2,2,23,20,0,31,7,0,5,11,11,17,18,6,57.6,1014.6,10.0,10.7,0.0,0,30.338732782369146
2023,5,8,2,2023-05-08,17,0,17,111,0,76,21,0,21,149,0,113,0,552,291,1,0,20,66,9,8,2,0,27,23,2,42,4,0,7,9,7,9,8,9,58.6,1006.4,9.8,8.8,0.17,0,29.513481691919193
2023,5,9,3,2023-05-09,18,0,16,95,0,67,30,0,29,143,0,112,0,532,289,3,0,13,73,5,4,1,0,23,20,1,34,5,0,4,9,3,8,12,6,52.7,1013.5,10.0,8.5,0.0,0,28.756321306188269
2023,5,10,4,2023-05-10,16,0,16,110,1,69,21,2,22,147,3,107,3,495,257,0,1,5,74,4,8,1,0,18,18,1,30,5,0,0,3,9,15,11,1,51.4,1019.1,10.0,10.1,0.0,0,27.272069272268137
2023,5,11,5,2023-05-11,22,0,22,111,0,66,22,0,20,155,0,107,0,537,277,1,0,7,85,8,10,2,0,22,19,2,36,3,0,4,3,4,8,17,2,57.5,1017.6,10.0,12.4,0.0,0,26.42915002295684
2023,5,12,6,2023-05-12,20,1,21,137,1,94,35,0,32,192,2,145,2,695,361,2,0,7,103,1,10,3,0,26,28,2,45,4,0,7,10,11,18,22,4,59.4,1016.5,9.9,10.5,0.0,0,25.810844237832875
2023,5,13,7,2023-05-13,18,0,18,126,0,80,23,0,20,167,0,117,0,582,293,5,1,8,83,9,18,0,0,22,30,1,24,2,0,2,12,5,15,13,1,60.4,1014.5,9.9,9.3,0.0,0,28.271312661802778
2023,5,14,1,2023-05-14,16,0,15,108,1,70,18,0,17,142,1,101,1,535,277,1,0,6,78,6,14,1,1,15,22,2,24,3,0,3,12,5,21,24,3,52.9,1019.8,9.7,8.5,0.0,0,28.391507977502297
2023,5,15,2,2023-05-15,19,0,18,98,0,67,31,0,29,148,0,112,0,502,258,1,0,13,80,3,4,1,0,15,14,1,21,6,0,1,13,6,6,8,4,54.8,1020.0,10.0,10.5,0.0,0,28.135557564279157
2023,5,16,3,2023-05-16,17,0,17,106,0,77,34,0,33,157,0,124,0,518,276,1,0,12,83,5,3,0,1,17,22,1,33,7,0,1,8,9,9,10,8,57.3,1007.5,9.5,17.0,0.0,0,27.983089416896235
2023,5,17,4,2023-05-17,29,0,28,124,1,80,26,0,25,179,1,132,1,601,316,3,1,7,93,14,6,2,0,33,30,4,30,5,0,6,5,4,10,18,2,54.2,1003.6,8.8,16.1,0.0,0,27.530219237832874
2023,5,18,5,2023-05-18,20,0,20,124,0,84,42,0,41,186,0,141,0,584,311,5,0,10,88,8,6,0,0,16,30,1,27,3,0,3,8,7,14,12,8,48.8,1023.5,10.0,11.1,0.0,0,26.65726170988771
2023,5,19,6,2023-05-19,25,0,25,105,2,76,33,1,33,163,3,132,3,593,309,3,0,12,83,11,10,2,0,37,28,1,31,6,0,4,9,8,10,13,3,52.5,1029.2,10.0,10.4,0.0,0,26.925979109274564
2023,5,20,7,2023-05-20,7,0,7,146,0,83,19,0,19,172,0,109,0,581,295,3,0,13,69,5,12,7,1,18,28,2,25,1,0,5,11,9,17,12,8,57.3,1023.8,8.6,11.5,0.0,0,32.256826216712582
2023,6,8,5,2023-06-08,16,0,16,86,0,64,12,0,12,114,0,91,0,430,226,0,0,8,57,4,2,1,0,13,23,3,30,4,0,3,8,3,14,8,4,57.6,1004.9,7.7,4.8,0.0,0,29.547296809151113
2023,6,9,6,2023-06-09,19,0,19,115,0,72,19,1,20,153,1,111,1,527,280,7,0,6,84,5,10,0,0,19,21,1,30,4,0,3,16,3,20,10,5,56.8,1006.6,4.8,5.0,0.0,0,28.616953340220388
2023,6,10,7,2023-06-10,14,0,14,128,0,74,24,0,23,166,0,111,0,548,284,1,1,7,84,5,19,0,0,14,16,0,29,2,0,4,8,7,12,13,5,58.2,1007.3,5.9,4.5,0.0,1,29.151205521120293
2023,6,11,1,2023-06-11,17,0,17,107,0,60,21,0,18,145,0,94,0,471,247,3,0,2,61,12,14,2,1,12,24,0,27,8,0,2,7,5,14,7,4,61.5,1012.1,9.0,6.1,0.03,0,30.168570936639117
2023,6,12,2,2023-06-12,17,0,16,99,0,65,27,0,25,143,0,106,0,526,281,3,0,7,73,10,10,2,0,23,19,0,31,3,0,4,12,5,13,14,6,61.8,1012.3,7.3,7.6,0.0,0,29.23073490587695
2023,6,13,3,2023-06-13,14,0,14,77,0,60,33,0,33,124,0,104,0,488,260,3,0,9,73,9,4,2,0,29,26,1,24,3,0,2,6,8,10,11,3,61.4,1005.3,4.2,9.0,0.69,1,28.046356149393844
2023,6,14,4,2023-06-14,17,0,17,125,1,86,29,1,28,171,2,130,2,533,281,3,0,14,63,7,7,1,0,19,20,1,39,2,0,3,15,6,8,16,8,62.6,1003.7,9.7,10.0,0.0,0,27.82096630642085
2023,6,15,5,2023-06-15,20,0,20,126,0,85,26,0,24,172,0,128,0,506,270,1,0,5,75,9,2,1,1,18,22,1,25,0,0,4,10,9,5,6,4,62.1,1000.9,9.9,12.7,0.18,0,26.406490185950414
2023,6,16,6,2023-06-16,11,1,12,120,1,89,27,0,26,158,2,127,2,565,300,1,0,11,82,5,8,4,0,20,21,4,43,4,0,3,10,6,12,10,4,63.8,1006.1,9.9,7.9,0.0,0,26.900865072759107
2023,6,17,7,2023-06-17,17,0,16,114,1,75,14,0,14,145,1,104,1,516,263,1,0,8,83,8,16,0,1,14,11,0,20,5,0,4,4,8,15,14,5,62.2,1003.4,8.3,5.1,0.23,0,28.575605816297148
2023,6,18,1,2023-06-18,11,0,11,135,0,87,18,0,17,164,0,115,0,619,310,2,0,8,85,5,13,1,0,18,27,1,31,2,0,11,15,12,18,15,4,61.1,1009.2,9.6,8.0,0.17,0,29.409562672176307
2023,6,19,2,2023-06-19,18,0,18,93,1,62,20,0,20,131,1,98,1,488,253,1,0,8,81,9,9,2,0,10,17,1,20,1,1,3,9,9,17,17,2,61.1,1017.3,10.0,7.0,0.03,0,29.667909492653813
2023,6,20,3,2023-06-20,18,0,18,127,0,83,25,0,22,170,0,123,0,520,267,2,0,10,71,7,4,1,3,8,21,4,32,2,0,3,12,9,10,6,6,57.7,1023.5,10.0,8.3,0.0,0,27.765347727338067
2023,6,21,4,2023-06-21,17,0,16,114,0,70,18,0,17,149,0,103,0,508,263,4,0,8,72,9,8,0,0,19,26,2,44,2,0,3,8,4,10,8,5,58.8,1026.2,10.0,8.9,0.0,0,27.016883608815426
2023,6,22,5,2023-06-22,15,1,16,77,0,51,18,0,17,110,1,84,1,403,220,2,0,8,65,3,4,2,0,16,10,0,21,0,0,3,3,7,8,15,4,58.5,1023.3,8.1,9.7,0.0,0,27.136099919651056
2023,6,23,6,2023-06-23,12,0,12,95,0,53,21,0,21,128,0,84,0,475,248,0,1,12,62,2,6,2,0,21,26,2,27,4,0,1,5,8,9,16,4,63.4,1018.0,6.5,6.5,0.05,1,26.978574380165288
2023,6,24,7,2023-06-24,13,0,13,143,2,85,17,1,18,173,3,114,2,539,276,3,0,7,79,5,9,6,0,15,19,1,28,7,0,1,10,6,19,12,2,64.9,1014.2,3.4,6.5,0.08,1,28.362893298652718
2023,6,25,1,2023-06-25,15,0,13,111,0,75,21,0,21,147,0,107,0,549,281,3,0,9,89,6,11,0,1,19,19,0,29,3,0,2,8,7,16,15,1,65.5,1011.2,1.2,6.2,0.13,1,29.402792699724518
2023,6,26,2,2023-06-26,10,0,10,108,0,67,22,0,19,140,0,95,0,522,281,4,0,10,80,7,10,3,0,17,23,1,28,2,0,4,6,4,10,9,4,67.0,1010.8,2.6,6.7,0.0,1,27.331716696320957
2023,6,27,3,2023-06-27,12,0,12,99,0,66,24,0,23,135,0,101,0,493,262,3,0,12,81,7,4,2,0,22,22,3,31,4,0,5,4,3,11,6,5,66.5,1010.3,5.7,12.7,1.16,0,27.121780016069788
2023,6,28,4,2023-06-28,21,0,20,95,0,64,25,0,24,141,0,107,0,452,237,3,0,8,66,5,6,0,1,16,19,1,28,3,0,5,15,11,9,9,2,66.8,1010.8,7.3,10.9,0.53,1,27.621175592675506
2023,6,29,5,2023-06-29,20,0,19,87,1,64,22,1,21,129,2,102,2,481,257,3,0,11,79,6,7,0,0,15,17,1,23,6,0,2,4,6,12,13,4,66.8,1015.3,6.8,7.8,0.03,0,25.996216200650792
2023,6,30,6,2023-06-30,20,0,19,115,1,68,23,0,22,158,1,108,1,500,259,3,0,5,87,10,7,0,0,8,24,0,19,6,0,2,5,4,16,15,3,65.6,1018.4,5.8,3.0,0.0,1,27.076153581267217
2023,7,1,7,2023-07-01,9,0,9,129,2,77,15,0,14,153,2,99,2,431,224,1,0,10,71,7,10,0,0,15,15,0,16,1,0,3,7,3,7,9,3,66.7,1018.4,3.6,4.3,0.0,1,29.68260194564812
2023,7,2,1,2023-07-02,12,0,12,95,0,62,15,1,15,122,1,88,1,468,237,2,0,13,74,3,10,0,0,13,16,0,17,1,0,1,10,9,20,20,4,66.8,1014.5,3.6,7.4,0.0,1,31.738540231864096
2023,7,3,2,2023-07-03,13,0,12,104,2,80,24,0,24,141,2,115,1,510,267,3,1,10,70,6,6,2,0,15,19,0,31,2,0,3,11,7,10,13,5,70.8,1011.3,6.8,11.2,0.04,0,30.821720328282829
2023,7,4,3,2023-07-04,20,0,20,104,0,60,15,0,15,139,0,92,0,416,223,4,0,5,57,4,6,6,1,9,18,1,18,3,0,3,7,5,14,10,8,68.9,1012.5,4.2,7.5,0.01,1,31.076920184829088
2023,7,5,4,2023-07-05,14,0,14,137,0,86,29,0,27,180,0,127,0,533,270,3,0,10,72,5,4,0,0,12,21,2,33,1,0,10,8,6,18,10,4,68.6,1014.6,4.1,4.4,0.0,1,26.44851957070707
2023,7,6,5,2023-07-06,22,0,22,109,1,63,24,0,24,155,1,106,1,489,255,4,0,6,63,3,1,1,1,13,18,2,32,2,0,4,8,8,14,3,4,68.1,1015.0,2.2,6.8,0.0,1,24.916311983471076
2023,7,7,6,2023-07-07,23,0,23,117,0,79,16,0,16,156,0,117,0,520,267,2,0,6,80,6,9,3,0,16,18,0,34,5,0,2,5,11,6,13,3,66.5,1012.9,3.3,6.7,0.0,1,24.8567197543618
2023,7,8,7,2023-07-08,17,0,17,101,0,68,15,0,15,133,0,98,0,439,235,3,0,6,61,3,11,2,1,25,8,1,21,2,0,5,10,3,11,13,4,71.1,1011.2,4.4,4.6,0.0,1,26.062980945821856
2023,7,9,1,2023-07-09,12,0,12,118,1,73,25,0,22,155,1,105,1,455,238,4,1,7,60,7,8,8,0,14,13,0,26,1,1,4,8,1,11,14,4,69.9,1011.5,5.1,3.9,0.0,1,27.255776515151517
2023,7,10,2,2023-07-10,12,0,12,116,0,74,27,0,26,155,0,111,0,475,251,1,0,8,58,7,4,2,0,21,16,1,22,1,0,5,5,7,12,14,4,65.6,1008.3,3.2,9.4,0.0,1,25.474792814508724
2023,7,11,3,2023-07-11,16,0,16,133,1,78,28,0,25,177,1,118,1,492,262,0,0,8,57,7,2,0,0,10,18,2,34,4,1,5,15,7,11,10,5,71.0,1009.6,8.0,10.0,0.02,1,26.134287325083843
2023,7,12,4,2023-07-12,21,0,21,110,0,74,16,0,16,147,0,110,0,533,273,7,0,8,83,8,6,2,0,12,13,4,32,5,0,4,8,6,16,11,6,73.0,1012.7,9.6,7.8,0.0,0,25.191664010461363
2023,7,15,7,2023-07-15,23,0,23,92,1,58,18,0,16,133,1,97,1,469,244,2,0,11,64,9,15,0,0,12,14,1,22,4,0,3,11,5,9,10,1,71.5,1016.0,8.3,8.3,0.2,0,23.835086174496645
2023,7,16,1,2023-07-16,11,0,11,113,0,70,25,1,24,149,1,105,1,522,277,3,0,2,52,7,17,16,0,16,13,1,21,3,0,4,8,4,13,13,12,71.5,1014.0,7.0,11.9,0.01,1,28.980363611111112
2023,7,17,2,2023-07-17,20,0,19,129,1,85,25,0,25,174,1,128,1,578,301,1,0,13,76,11,6,0,0,17,21,3,31,4,0,3,13,9,15,15,3,71.3,1012.6,6.4,7.5,0.57,1,26.389796185437838
2023,7,18,3,2023-07-18,19,0,19,111,0,67,12,0,11,142,0,96,0,456,235,2,1,8,68,2,3,2,1,12,25,1,26,2,0,3,5,4,18,5,0,71.1,1015.7,4.6,5.2,0.03,1,25.827616388888888
2023,7,19,4,2023-07-19,15,0,15,105,0,67,22,0,21,142,0,103,0,415,219,1,0,6,67,4,6,0,1,14,15,2,27,4,0,2,6,9,10,12,5,71.9,1015.4,3.5,7.3,0.01,1,26.4884775
2023,7,20,5,2023-07-20,10,0,10,120,1,79,26,0,26,156,1,114,1,524,276,1,0,9,85,11,5,2,0,22,23,2,30,3,0,5,5,7,7,12,2,71.7,1015.2,7.7,4.7,0.0,0,25.014080555555555
2023,7,21,6,2023-07-21,25,0,24,163,0,108,23,0,23,211,0,151,0,616,314,3,0,8,74,9,10,4,0,21,39,0,39,4,0,3,8,7,12,15,2,66.1,1010.0,6.0,5.3,0.0,1,26.529226111111111
2023,7,22,7,2023-07-22,20,0,20,127,1,77,19,0,18,166,1,114,1,516,272,5,0,5,75,8,11,0,0,14,29,0,32,3,0,5,7,4,12,14,5,69.5,1008.0,6.4,5.8,0.0,1,32.000068085106385
2023,7,24,2,2023-07-24,21,0,20,120,0,79,13,1,14,154,1,110,1,455,233,3,0,7,60,6,4,1,1,14,19,1,24,6,1,2,11,1,9,10,2,70.1,1019.6,9.6,6.1,0.0,0,25.882509349112425
2023,7,25,3,2023-07-25,20,0,20,106,0,69,27,0,27,153,0,114,0,539,290,4,0,12,65,8,5,2,1,18,26,0,28,3,0,7,14,8,17,12,9,70.8,1019.3,10.0,5.4,0.0,0,26.593201666666666
2023,7,26,4,2023-07-26,19,0,18,121,0,70,20,0,19,160,0,107,0,483,260,1,0,10,68,6,9,0,1,21,15,0,34,5,0,2,5,13,16,8,1,73.1,1018.0,9.7,8.4,0.0,0,26.58991386496249
2023,7,27,5,2023-07-27,11,0,10,119,0,73,14,0,13,144,0,95,0,449,232,1,1,4,62,8,6,2,0,15,21,1,24,3,0,0,9,6,13,14,2,72.8,1016.0,8.4,10.2,0.0,0,26.478798611111113
2023,7,28,6,2023-07-28,20,0,20,116,0,71,24,0,22,160,0,111,0,531,279,3,1,12,75,8,12,0,0,20,19,1,27,2,0,2,6,2,10,11,5,75.9,1013.9,8.5,9.9,0.01,0,25.862109722222222
2023,7,29,7,2023-07-29,14,0,13,118,0,71,27,1,19,159,1,99,1,509,258,3,0,6,74,6,7,1,0,15,17,1,24,2,0,4,12,6,10,8,1,73.3,1012.5,5.7,8.8,0.0,1,28.457272323164972
2023,7,30,1,2023-07-30,16,0,15,159,0,84,19,1,18,194,1,114,1,502,252,4,0,12,60,12,14,0,0,15,27,0,24,1,0,3,4,4,15,9,7,68.4,1011.1,9.4,11.9,0.07,0,27.827131660135077
2023,7,31,2,2023-07-31,15,0,14,119,0,79,18,0,18,152,0,109,0,480,254,3,0,9,71,5,2,0,1,15,19,1,31,3,0,3,9,4,14,13,6,70.3,1013.6,10.0,8.1,0.0,0,27.459871388888889
2023,8,1,3,2023-08-01,22,0,22,104,1,75,29,0,22,155,1,116,1,526,272,8,0,9,83,6,3,1,2,16,17,0,28,5,0,0,6,6,17,13,3,69.6,1017.6,10.0,7.5,0.0,0,27.47370888888889
2023,8,2,4,2023-08-02,11,0,11,107,0,74,15,0,15,133,0,99,0,491,247,1,0,9,64,4,4,1,0,15,23,1,35,1,1,7,5,5,7,14,4,66.7,1021.4,10.0,7.8,0.0,0,26.741169722222221
2023,8,3,5,2023-08-03,14,0,14,109,2,70,17,0,17,140,2,99,2,474,248,2,0,7,59,7,5,1,0,17,15,2,21,4,0,3,7,6,7,14,4,64.4,1021.2,10.0,6.5,0.0,0,26.722155555555556
2023,8,4,6,2023-08-04,20,0,19,107,0,67,29,1,29,156,1,115,1,495,263,4,0,10,73,4,10,0,1,16,21,2,35,3,0,3,8,4,15,9,2,67.2,1016.7,10.0,7.9,0.0,0,26.970651944444445
2023,8,5,7,2023-08-05,23,0,22,90,1,64,20,0,19,133,1,104,1,492,253,2,0,8,72,8,7,2,1,20,20,1,21,1,0,2,10,3,17,14,5,70.1,1014.2,9.4,7.5,0.02,0,28.04268861111111
2023,8,6,1,2023-08-06,17,0,17,98,4,66,14,0,13,129,4,95,4,511,260,3,0,9,62,7,13,0,0,17,15,0,26,1,0,2,12,8,21,10,2,70.5,1015.4,8.5,6.7,0.0,0,29.390786388888888
2023,8,7,2,2023-08-07,12,0,12,101,0,64,28,1,29,141,1,105,1,450,241,1,0,7,60,7,3,5,0,17,22,1,25,5,0,3,7,2,9,9,7,68.5,1015.8,9.9,7.6,0.0,0,28.17485179320499
2023,8,8,3,2023-08-08,18,0,18,96,0,70,22,0,19,136,0,105,0,442,235,1,0,6,53,4,5,0,0,14,17,0,21,7,0,9,11,5,5,13,4,70.9,1007.6,8.6,14.9,0.0,0,27.978534044503707
2023,8,9,4,2023-08-09,20,1,21,103,0,74,13,0,12,136,1,103,1,491,252,2,0,7,74,5,6,1,0,19,14,0,34,1,0,2,3,11,14,15,5,71.8,1002.0,10.0,13.6,0.03,0,27.622557222222223
2023,8,10,5,2023-08-10,20,0,20,134,0,78,28,0,27,182,0,125,0,544,281,1,0,7,79,6,4,3,1,25,20,2,24,4,0,4,10,6,18,10,4,71.1,1006.8,9.8,9.5,0.0,0,26.287466373196381
2023,8,11,6,2023-08-11,19,0,19,104,0,73,26,0,25,149,0,116,0,480,268,2,1,15,61,4,6,1,2,16,22,3,24,2,0,5,9,9,13,8,3,71.5,1005.7,9.0,13.4,0.44,0,26.462326660156251
2023,8,12,7,2023-08-12,15,0,15,153,0,82,23,0,22,191,0,117,0,547,289,4,0,7,66,9,17,1,0,22,25,0,24,2,0,2,13,3,18,13,5,69.6,1012.9,7.1,5.5,0.17,1,28.212705620659722
2023,8,13,1,2023-08-13,14,0,13,125,0,79,15,1,13,154,1,100,1,515,266,3,0,5,75,10,15,5,2,7,17,1,25,3,0,5,11,4,15,14,5,70.5,1012.5,6.7,8.9,0.03,1,28.167162814670139
2023,8,14,2,2023-08-14,12,0,12,128,0,85,20,1,20,160,1,117,1,495,260,6,0,10,68,6,7,0,0,11,18,0,28,4,1,2,5,5,13,9,6,70.8,1013.9,8.9,8.1,0.01,1,28.807783587429139
2023,8,15,3,2023-08-15,21,0,21,119,0,76,17,0,17,157,0,114,0,482,248,8,1,6,54,7,4,8,2,20,18,2,24,3,0,7,8,9,13,7,4,69.6,1011.0,8.5,8.6,0.44,0,27.733117955403461
2023,8,16,4,2023-08-16,13,0,13,105,1,69,19,0,18,137,1,99,1,485,256,5,0,5,59,10,6,4,1,17,11,0,20,2,0,3,12,9,11,15,10,66.6,1012.9,9.7,7.9,0.24,1,26.411045249850794
2023,8,17,5,2023-08-17,20,0,20,87,2,63,10,0,10,117,2,93,2,379,196,4,1,7,61,7,5,0,0,9,18,0,18,3,1,4,3,1,6,6,5,65.7,1015.7,6.8,6.4,0.07,0,28.127866182101368
2023,8,18,6,2023-08-18,20,0,20,145,1,88,24,0,24,189,1,131,1,534,283,3,0,4,71,6,9,2,0,24,17,2,27,5,0,8,10,9,15,15,6,70.4,1007.2,6.6,10.1,0.24,0,25.953156738281248
2023,8,19,7,2023-08-19,26,0,26,144,0,81,15,0,13,185,0,120,0,523,261,4,0,5,78,8,11,1,0,9,22,1,23,2,0,7,13,6,11,7,4,68.3,1012.3,10.0,11.7,0.02,0,27.09972710503472
2023,8,20,1,2023-08-20,11,0,11,104,1,74,19,0,18,134,1,102,1,493,252,2,0,7,75,8,13,0,2,15,16,0,27,3,0,4,9,3,11,11,5,69.7,1017.4,10.0,10.6,0.0,0,28.826917046440972
2023,8,21,2,2023-08-21,21,0,20,96,1,63,19,1,14,136,2,97,2,487,243,4,0,9,69,6,5,2,0,8,16,1,27,6,0,3,9,7,14,8,4,71.1,1016.6,8.5,8.8,0.0,0,29.039354383680553
2023,8,22,3,2023-08-22,15,0,14,96,0,59,21,0,19,132,0,91,0,409,219,3,0,11,58,7,1,3,0,24,25,0,18,4,1,5,7,7,11,3,4,67.9,1016.1,8.3,11.8,0.0,1,28.504061957465279
2023,8,23,4,2023-08-23,15,0,15,102,1,67,15,0,14,132,1,92,1,409,212,4,0,8,61,5,6,0,0,12,15,0,20,4,0,5,12,7,12,9,4,64.3,1019.0,10.0,6.1,0.0,0,27.691061628919861
2023,8,24,5,2023-08-24,16,0,16,79,2,60,19,0,19,114,2,93,1,429,231,4,0,3,68,9,5,4,0,7,11,0,30,1,0,2,13,4,14,8,3,62.1,1019.7,10.0,4.4,0.0,0,25.720946180555554
2023,8,25,6,2023-08-25,14,0,14,96,0,63,21,0,21,131,0,97,0,446,240,1,0,8,69,11,5,2,0,11,24,1,23,4,0,0,8,6,4,11,1,66.6,1016.7,9.3,12.9,0.0,0,26.693176243963318
2023,8,26,7,2023-08-26,20,1,21,136,0,71,25,1,23,181,2,115,2,463,244,3,0,2,63,4,7,2,1,16,17,0,18,3,0,3,8,11,16,7,2,69.6,1011.2,5.7,10.8,0.0,1,27.115769042968751
2023,8,27,1,2023-08-27,15,0,15,83,0,61,24,0,23,122,0,97,0,474,244,0,0,6,70,8,11,1,0,12,15,0,20,3,0,2,7,7,18,9,3,68.9,1011.7,5.4,5.8,0.01,1,28.294432779947915
2023,8,28,2,2023-08-28,14,0,14,92,1,67,15,0,15,121,1,95,1,434,225,1,0,4,67,7,7,2,1,8,16,2,33,3,0,2,7,11,10,10,6,66.2,1017.8,10.0,6.1,0.0,0,27.851591626742159
2023,8,29,3,2023-08-29,15,0,15,99,1,69,16,0,16,130,1,100,1,411,218,2,0,8,74,4,3,0,0,18,13,3,19,6,0,2,10,6,9,10,3,66.7,1015.8,6.6,7.2,0.0,1,27.928980007053141
2023,8,30,4,2023-08-30,17,0,17,108,1,81,17,0,17,142,1,114,1,486,256,2,0,11,72,7,11,1,0,17,17,0,24,5,0,3,11,6,8,7,2,69.6,1007.3,1.1,8.2,0.01,1,27.155294867621528
2023,8,31,5,2023-08-31,24,0,23,123,0,79,23,0,22,170,0,123,0,579,298,2,0,8,96,3,7,1,2,25,21,0,30,4,0,5,6,8,14,13,5,66.8,1009.8,10.0,15.1,0.0,0,23.91630154079861
2023,9,1,6,2023-09-01,21,0,21,125,0,82,23,0,22,169,0,125,0,535,279,4,0,10,66,5,10,0,1,23,25,1,26,7,0,3,10,8,5,15,6,63.7,1022.0,10.0,9.9,0.0,0,25.397346733940971
2023,9,2,7,2023-09-02,17,0,17,120,0,82,20,0,20,157,0,118,0,504,268,3,1,5,92,8,14,1,0,10,22,1,21,4,0,4,3,6,12,13,2,61.2,1022.8,10.0,6.5,0.0,0,29.968135850694445
2023,9,3,1,2023-09-03,15,0,15,130,3,77,16,0,16,161,3,108,2,488,251,4,0,8,84,3,8,1,2,17,16,0,15,4,0,4,13,4,15,9,1,67.7,1015.0,9.6,9.9,0.0,0,29.590186089409723
2023,9,4,2,2023-09-04,23,0,22,104,1,64,18,1,19,145,2,105,2,492,252,4,1,7,68,8,4,1,0,21,9,0,27,2,0,2,6,10,15,10,5,70.0,1010.9,6.8,4.2,0.0,0,31.873413000871082
2023,9,5,3,2023-09-05,17,0,16,127,0,79,25,2,23,169,2,117,2,528,275,3,0,5,70,4,9,1,0,17,26,2,34,6,0,1,6,11,12,8,6,72.6,1011.9,9.9,4.2,0.0,1,27.879361165364582
2023,9,6,4,2023-09-06,18,0,17,115,0,81,26,0,26,159,0,119,0,555,283,0,0,10,71,8,5,0,0,20,25,3,36,6,0,0,11,10,8,16,8,73.2,1009.7,9.2,6.3,0.0,0,27.393076283269963
2023,9,7,5,2023-09-07,28,0,27,101,0,77,21,0,21,150,0,125,0,565,294,7,0,5,81,8,3,2,2,19,24,2,33,10,0,4,8,8,8,8,6,72.6,1009.1,7.0,8.5,0.0,0,26.248615032430369
2023,9,8,6,2023-09-08,22,0,21,74,0,50,24,1,25,120,1,95,1,472,256,5,0,4,60,7,4,1,0,19,15,3,23,4,0,7,10,6,8,13,4,70.9,1015.5,4.1,8.1,0.0,1,25.492191569010416
2023,9,9,7,2023-09-09,22,0,22,105,0,67,21,0,20,148,0,108,0,512,265,7,0,8,55,5,7,2,1,17,20,0,36,2,0,2,9,11,11,15,3,71.1,1019.6,6.3,7.6,0.0,1,28.427220865885417
2023,9,10,1,2023-09-10,12,0,12,107,0,68,16,0,16,135,0,95,0,437,236,1,1,10,56,3,6,6,0,15,16,1,17,2,0,4,13,7,14,8,5,69.0,1020.4,1.2,4.6,0.0,1,29.030235731336806
2023,9,11,2,2023-09-11,18,0,18,94,1,71,29,0,29,141,1,118,1,540,290,4,0,7,82,3,9,4,0,23,19,2,37,2,0,5,6,9,12,13,6,68.9,1017.4,2.5,4.5,0.0,1,25.666874186197916
2023,9,12,3,2023-09-12,21,0,21,98,0,75,25,1,25,144,1,121,1,500,271,3,0,6,62,11,6,1,1,23,13,3,34,2,0,3,10,9,12,10,5,69.5,1015.2,4.9,4.7,0.04,1,25.924691297743056
2023,9,13,4,2023-09-13,24,0,24,93,0,65,20,0,19,137,0,107,0,479,253,2,0,7,75,8,9,6,0,17,10,2,18,5,0,1,12,10,11,14,6,69.2,1014.9,3.3,5.3,0.0,1,26.551458372894231
2023,9,14,5,2023-09-14,17,0,17,100,1,67,28,0,28,145,1,112,1,566,293,2,1,13,81,10,8,3,1,24,19,1,36,1,0,6,7,9,8,13,8,69.9,1014.8,7.1,5.3,0.0,1,25.2780423797881
2023,9,15,6,2023-09-15,21,0,21,91,0,61,29,0,27,141,0,109,0,488,257,2,0,6,68,12,10,0,0,22,16,2,23,4,0,2,6,9,7,12,3,64.7,1013.9,10.0,18.8,0.01,0,25.71529181184669
2023,9,16,7,2023-09-16,14,1,14,120,0,76,19,0,19,153,1,108,1,527,280,3,3,7,62,5,11,3,0,10,27,1,37,2,0,5,6,8,12,11,1,62.9,1003.9,9.1,22.1,0.0,0,27.182122733687983
2023,9,17,1,2023-09-17,12,0,10,81,1,60,13,0,13,106,1,82,1,395,206,2,1,4,55,2,15,5,0,19,15,0,14,4,0,3,4,4,10,11,1,65.1,1011.9,10.0,10.2,0.0,0,29.218401421440973
2023,9,18,2,2023-09-18,12,0,12,99,0,63,28,0,28,139,0,102,0,518,272,3,0,9,63,9,12,13,0,18,19,3,16,2,0,7,12,8,13,14,4,64.8,1011.5,9.3,10.4,0.0,0,25.869413889567888
2023,9,19,3,2023-09-19,24,0,24,101,0,69,36,0,35,161,0,127,0,514,276,5,1,12,69,4,7,2,0,25,20,0,30,5,0,3,10,6,13,18,7,65.9,1009.3,9.6,14.1,0.01,0,26.876659306509648
2023,9,20,4,2023-09-20,22,1,23,122,0,81,24,0,23,168,1,126,1,535,273,4,0,9,77,9,9,3,0,16,22,4,26,5,0,5,14,6,13,16,4,62.2,1017.3,10.0,7.9,0.0,0,26.060490451388887
2023,9,21,5,2023-09-21,28,1,27,100,0,66,24,1,25,152,2,117,2,533,278,4,0,9,64,6,4,1,2,25,19,1,38,2,0,5,7,7,13,12,3,61.5,1022.4,10.0,5.9,0.0,0,25.159146757679181
2023,9,22,6,2023-09-22,21,0,21,119,0,80,28,0,26,168,0,126,0,526,277,2,0,13,87,4,5,0,1,25,22,2,33,2,0,1,7,3,16,14,4,60.6,1028.0,10.0,7.6,0.0,0,25.160071614583334
2023,9,23,7,2023-09-23,9,0,9,89,0,59,26,0,26,124,0,93,0,469,253,2,0,8,58,4,12,6,0,20,18,0,28,2,0,4,11,4,15,9,4,59.5,1023.8,7.7,12.3,0.0,0,28.718848856452968
2023,9,24,1,2023-09-24,12,0,12,113,0,80,32,0,30,157,0,122,0,496,273,5,1,5,70,4,7,17,0,20,19,0,22,4,0,3,6,5,7,13,5,61.2,1018.4,5.6,14.5,1.55,0,28.783424479166666
2023,9,25,2,2023-09-25,8,0,8,93,0,61,22,1,21,123,1,90,1,438,234,2,0,5,62,8,3,11,0,17,12,1,18,2,0,3,7,6,9,13,5,61.6,1018.1,7.8,14.4,0.06,0,27.882957942193677
2023,9,26,3,2023-09-26,19,0,18,122,0,76,32,0,31,173,0,124,0,491,265,6,1,16,73,6,4,4,0,19,23,0,28,1,0,4,5,6,10,17,1,59.7,1025.3,9.8,16.2,0.04,0,24.277118137900747
2023,9,27,4,2023-09-27,16,0,16,128,0,82,34,0,34,178,0,131,0,521,284,4,0,6,89,8,3,2,0,24,19,1,30,3,0,2,6,6,8,14,7,56.7,1026.8,9.8,10.9,0.0,0,25.296594381608411
2023,9,28,5,2023-09-28,24,0,24,104,0,70,46,0,44,174,0,137,0,559,302,0,0,12,101,5,8,4,0,22,18,2,23,5,1,8,7,7,6,12,8,58.5,1025.8,10.0,8.9,0.0,0,24.619812282986111
2023,9,29,6,2023-09-29,11,0,11,126,0,85,46,0,43,183,0,138,0,572,317,0,0,7,84,8,9,17,0,19,17,3,33,7,0,2,10,9,8,20,8,60.3,1023.5,9.6,9.9,0.0,0,22.331028374565971
2023,9,30,7,2023-09-30,10,0,10,103,0,69,11,0,11,124,0,90,0,464,241,1,0,7,71,6,10,1,1,16,16,1,19,0,1,2,9,7,13,13,2,60.7,1019.2,5.0,13.2,0.32,0,28.933015407986112
2023,10,1,1,2023-10-01,18,0,17,117,0,72,15,0,14,150,0,103,0,460,240,6,0,7,57,8,8,1,0,14,20,0,24,3,1,1,10,3,13,13,7,61.1,1018.7,6.8,18.1,0.65,0,28.978153211805555
2023,10,2,2,2023-10-02,18,0,18,102,0,69,26,0,24,146,0,111,0,506,269,0,0,10,68,5,4,1,0,20,19,1,30,2,0,1,13,5,16,10,10,60.7,1020.1,9.5,12.9,0.0,0,27.388569878472222
2023,10,3,3,2023-10-03,23,0,23,130,0,85,27,1,24,180,1,131,1,584,302,4,0,16,72,8,4,2,1,25,27,2,38,4,0,5,7,3,12,10,5,59.5,1020.7,10.0,6.8,0.0,0,26.511815863715277
2023,10,4,4,2023-10-04,17,1,17,114,1,80,38,0,37,169,2,132,2,488,269,0,0,11,74,10,3,1,0,18,25,0,31,3,0,2,11,3,5,7,1,64.8,1021.6,9.3,5.1,0.0,0,25.671683485243054
2023,10,5,5,2023-10-05,14,0,14,116,0,79,43,1,42,173,1,131,1,525,283,4,0,7,80,6,6,0,0,29,16,0,25,2,0,4,9,4,13,11,4,61.3,1025.3,3.2,5.3,0.0,1,24.793322753906249
2023,10,6,6,2023-10-06,21,0,21,99,0,69,22,0,21,142,0,108,0,562,297,5,0,5,84,3,10,3,0,24,15,3,28,1,0,6,8,8,15,8,5,63.3,1019.6,8.0,9.2,0.0,1,24.809862738715278
2023,10,7,7,2023-10-07,12,0,12,111,0,68,24,0,24,147,0,104,0,480,257,2,0,7,72,7,11,7,1,16,11,0,22,5,0,5,10,4,12,11,5,63.6,1009.3,8.4,11.4,0.0,0,28.322657606336804
2023,10,8,1,2023-10-08,4,0,4,97,3,71,14,0,13,115,3,86,3,431,220,0,1,4,59,5,13,1,0,17,18,1,19,1,0,7,11,6,10,8,1,59.4,1001.9,9.8,17.6,0.18,0,29.135875379774305
2023,10,9,2,2023-10-09,17,0,16,80,0,51,15,1,15,112,1,81,1,359,188,4,0,6,46,2,6,4,0,10,21,0,19,2,0,2,7,5,9,12,1,58.3,1008.0,10.0,13.4,0.0,0,28.611682128906249
2023,10,10,3,2023-10-10,12,0,12,105,1,75,31,0,30,148,1,116,1,497,274,5,0,6,70,9,7,1,0,25,21,1,33,2,0,2,8,5,9,15,4,57.7,1010.8,10.0,10.4,0.01,0,26.279603075077695
2023,10,11,4,2023-10-11,28,0,28,103,0,68,30,1,30,161,1,124,1,507,273,1,2,5,82,8,4,2,0,19,19,2,40,5,0,4,7,7,14,11,3,56.6,1011.9,9.9,4.4,0.0,1,26.171051263103156
2023,10,12,5,2023-10-12,23,0,23,100,1,71,36,0,31,159,1,122,1,492,267,1,0,5,71,10,3,0,1,23,24,4,28,2,0,5,11,8,6,7,2,58.5,1011.9,9.3,5.1,0.0,0,25.246284993489581
2023,10,13,6,2023-10-13,23,0,20,126,1,86,32,0,30,181,1,136,1,570,300,5,0,11,73,7,10,0,0,28,21,2,42,4,0,6,12,5,13,16,8,56.9,1011.3,9.9,10.2,0.0,0,25.546631914198606
2023,10,14,7,2023-10-14,8,0,8,124,0,78,29,0,27,161,0,112,0,544,275,2,0,3,79,6,13,5,1,26,16,1,27,1,0,1,5,6,7,12,4,55.1,1009.5,10.0,8.7,0.0,0,28.343869086371527
2023,10,15,1,2023-10-15,17,0,17,122,1,82,20,0,20,159,1,119,1,536,279,3,0,10,72,3,14,2,0,15,26,0,26,4,0,1,7,11,18,18,4,53.0,997.6,9.7,10.6,0.41,0,29.210792643229166
2023,10,16,2,2023-10-16,11,0,11,92,1,66,29,0,28,132,1,104,1,518,284,1,0,8,70,4,7,1,1,19,20,1,36,2,0,2,7,8,5,9,4,54.1,999.4,10.0,7.7,0.21,0,27.65058443847802
2023,10,17,3,2023-10-17,22,0,22,110,0,75,25,0,24,157,0,121,0,495,263,1,0,11,75,4,4,0,1,11,18,0,32,6,0,6,12,7,10,14,4,53.8,1009.5,9.7,5.3,0.03,0,27.87760959201389
2023,10,18,4,2023-10-18,14,0,14,92,0,54,23,1,23,129,1,89,1,453,244,3,0,6,59,8,6,0,0,20,15,0,29,3,0,2,3,10,12,7,5,53.4,1020.1,10.0,3.3,0.02,0,28.836660698784723
2023,10,19,5,2023-10-19,21,0,20,97,1,70,37,1,37,155,2,127,2,567,312,2,0,14,86,9,6,1,0,26,13,3,44,7,0,3,6,12,5,18,5,53.9,1021.7,10.0,5.7,0.0,0,28.1677880859375
2023,10,20,6,2023-10-20,18,0,18,137,0,96,41,2,40,196,2,153,2,634,333,1,1,5,80,6,4,7,0,37,21,0,34,4,0,1,18,19,9,16,7,59.4,1013.4,9.8,10.8,0.0,0,27.530479788231403
2023,10,21,7,2023-10-21,13,0,12,121,1,75,28,1,28,162,2,114,2,550,280,4,0,8,66,6,12,5,1,14,15,2,36,4,0,2,11,5,9,11,5,59.5,992.4,7.3,11.0,0.11,1,31.114265950520835
2023,10,22,1,2023-10-22,12,0,12,140,0,78,29,0,29,181,0,118,0,521,257,3,0,16,66,6,18,0,0,19,21,0,15,5,0,2,7,6,15,10,2,57.4,997.0,10.0,19.0,0.76,0,31.31818820529514
2023,10,23,2,2023-10-23,21,0,19,104,0,63,35,1,34,160,1,115,1,496,276,2,0,4,80,7,4,0,0,23,14,0,20,7,0,3,6,6,11,11,4,52.8,1012.9,9.6,11.3,0.0,0,30.575166829427083
2023,10,24,3,2023-10-24,18,0,18,90,0,66,22,0,22,130,0,104,0,495,260,3,0,14,67,5,7,0,0,23,29,1,23,2,0,2,5,10,6,14,5,53.8,1026.9,10.0,6.4,0.0,0,29.757157641790229
2023,10,25,4,2023-10-25,21,0,21,104,0,72,39,0,39,164,0,130,0,533,286,2,0,12,65,5,11,2,0,21,27,4,36,4,0,1,15,4,11,14,7,59.5,1025.9,10.0,14.0,0.0,0,28.880970323350695
2023,10,26,5,2023-10-26,21,0,19,119,0,72,34,2,33,174,2,123,2,537,296,6,0,7,75,10,4,0,0,35,20,1,22,6,0,6,9,9,7,17,5,62.0,1022.5,9.9,10.6,0.0,0,28.3554150390625
2023,10,27,6,2023-10-27,21,0,21,109,2,73,26,0,23,156,2,115,2,519,268,5,0,16,76,2,8,0,1,19,13,4,25,5,0,2,11,12,11,15,5,60.0,1019.6,8.2,7.2,0.0,0,28.035568033854165
2023,10,28,7,2023-10-28,24,0,22,153,0,101,34,1,33,211,1,154,1,686,353,4,2,10,91,15,14,2,1,23,28,1,28,4,0,5,8,11,21,22,6,62.7,1014.5,9.4,9.8,0.0,0,28.451161024305556
2023,10,29,1,2023-10-29,11,0,11,92,1,58,25,0,24,128,1,93,1,452,241,0,0,12,52,5,9,4,0,27,16,0,24,4,0,2,9,5,7,14,8,56.8,1018.9,10.0,10.7,0.0,0,30.713212890624998
2023,10,30,2,2023-10-30,9,0,9,94,0,64,46,0,45,149,0,118,0,511,279,0,0,2,61,7,9,15,0,25,15,2,21,1,0,3,4,5,10,9,4,56.0,1013.4,5.1,10.6,0.05,1,30.213839561099434
2023,10,31,3,2023-10-31,19,0,18,88,0,64,34,0,34,141,0,115,0,508,268,2,0,8,69,11,5,1,0,20,17,1,34,2,0,4,7,7,8,6,5,49.1,1016.4,10.0,12.8,0.01,0,26.824733967005354
2023,11,1,4,2023-11-01,21,0,19,101,0,71,24,0,23,146,0,113,0,480,250,3,0,7,61,6,8,0,0,22,22,3,26,4,0,4,9,6,12,13,5,43.9,1014.6,9.5,11.2,0.06,0,21.685345982142856
2023,11,2,5,2023-11-02,13,0,12,74,0,54,26,1,27,113,1,93,1,408,222,2,0,12,73,4,3,0,0,15,13,2,27,3,0,2,8,7,7,8,2,42.0,1027.2,10.0,7.7,0.06,0,21.679323275628153
2023,11,3,6,2023-11-03,12,0,11,130,0,86,31,0,30,173,0,125,0,540,291,3,1,13,67,6,8,1,0,17,25,1,28,3,0,5,13,5,15,11,3,44.0,1032.0,10.0,8.2,0.0,0,21.441030815972223
2023,11,4,7,2023-11-04,19,0,19,114,0,72,12,0,11,145,0,102,0,449,229,4,2,4,66,5,14,1,1,12,17,0,24,1,0,2,4,6,9,14,2,56.0,1024.6,10.0,11.2,0.0,0,21.846193952882423
2023,11,5,1,2023-11-05,10,0,10,93,1,59,27,0,25,130,1,92,1,457,232,2,1,6,49,4,12,1,0,17,17,0,26,0,1,0,6,5,24,14,4,53.0,1016.7,9.4,5.0,0.0,0,21.614172868238033
2023,11,6,2,2023-11-06,18,0,18,108,1,76,39,0,34,165,1,128,1,522,273,1,0,7,68,12,5,1,0,22,17,1,31,4,0,2,7,7,9,18,7,48.4,1019.6,9.9,7.9,0.0,0,21.602853999594686
2023,11,7,3,2023-11-07,15,0,15,85,2,59,20,0,20,120,2,94,2,421,227,5,1,7,62,9,7,1,0,16,13,2,26,3,0,5,6,1,10,10,6,56.2,1010.9,9.2,13.5,0.0,0,25.596216397849464
2023,11,8,4,2023-11-08,11,0,11,115,0,76,37,0,35,163,0,122,0,482,262,0,0,12,73,5,6,0,1,22,18,1,32,7,0,3,4,7,14,10,3,48.1,1012.2,10.0,14.8,0.0,0,28.02278057795699
2023,11,9,5,2023-11-09,20,0,19,90,1,64,22,0,22,132,1,104,1,433,234,2,1,6,65,5,8,1,1,15,15,3,29,4,0,1,9,5,7,4,3,45.3,1014.4,9.4,6.6,0.0,0,28.711824649214073
2023,11,10,6,2023-11-10,14,0,13,80,0,48,16,1,17,110,1,78,1,408,214,1,0,5,56,7,5,1,0,17,20,2,27,0,0,3,8,4,10,6,4,49.4,1015.9,10.0,8.2,0.01,0,29.233700316169827
2023,11,11,7,2023-11-11,23,0,23,105,0,75,26,0,25,154,0,123,0,574,295,3,1,14,73,9,17,2,1,22,17,2,34,2,0,0,16,4,12,8,5,47.9,1022.3,10.0,9.7,0.0,0,30.732775346565404
2023,11,12,1,2023-11-12,11,0,11,77,1,56,26,0,25,114,1,91,1,429,229,2,0,6,58,3,11,1,0,14,19,0,25,4,1,2,2,3,10,9,4,41.2,1030.0,10.0,7.1,0.0,0,32.53438770325203
2023,11,13,2,2023-11-13,16,0,16,129,0,87,34,2,34,179,2,137,2,561,295,5,0,5,66,11,5,2,1,22,23,2,27,1,0,1,13,5,13,8,7,39.7,1026.7,10.0,3.8,0.0,0,30.281073001355015
2023,11,14,3,2023-11-14,17,0,15,98,0,65,44,0,42,159,0,122,0,464,260,5,1,13,74,5,5,2,1,32,18,1,19,3,1,4,6,5,9,14,4,41.8,1021.5,10.0,7.1,0.0,0,30.230316734417343
2023,11,15,4,2023-11-15,12,0,11,110,0,79,31,1,31,153,1,119,1,491,267,4,0,10,74,6,6,0,0,20,23,3,24,3,0,2,11,6,12,7,3,45.1,1028.2,10.0,8.5,0.01,0,29.913414351851852
2023,11,16,5,2023-11-16,17,0,17,96,0,67,41,1,40,154,1,124,1,498,273,2,0,12,75,5,5,0,0,27,17,2,34,0,0,2,8,7,9,8,6,52.5,1023.2,9.7,13.0,0.0,0,29.483409835140016
2023,11,17,6,2023-11-17,12,0,12,110,1,68,31,2,33,153,3,110,3,585,316,2,0,7,87,7,8,3,0,28,22,3,36,1,0,0,11,4,16,13,3,51.9,1019.1,6.5,8.7,0.0,1,28.965066903794039
2023,11,18,7,2023-11-18,20,0,20,102,1,73,22,1,19,144,2,111,2,532,277,3,0,7,70,7,7,0,2,18,15,1,27,3,0,6,7,10,16,7,5,54.5,1006.6,8.9,11.9,0.09,0,31.1521005532972
2023,11,19,1,2023-11-19,13,0,12,145,1,82,23,1,22,181,2,116,2,530,272,1,0,8,74,2,13,1,2,23,11,0,26,3,0,1,10,3,17,16,8,44.3,1010.1,10.0,11.0,0.0,0,33.428076541741028
2023,11,20,2,2023-11-20,16,0,16,92,1,61,37,0,36,145,1,112,1,576,312,0,0,14,74,4,7,2,2,27,19,0,43,4,0,3,8,2,5,12,5,41.7,1022.4,10.0,13.5,0.0,0,29.997641426836502
2023,11,21,3,2023-11-21,18,0,18,120,0,84,77,0,74,215,0,174,0,606,354,2,0,5,87,1,6,8,0,35,38,3,33,9,0,8,9,11,10,17,7,38.7,1033.0,10.0,8.8,0.0,0,27.958282372550148
2023,11,22,4,2023-11-22,11,0,11,127,0,79,41,1,37,179,1,125,1,541,289,3,0,10,74,5,10,8,0,22,22,2,36,2,0,3,11,6,15,17,4,48.4,1015.6,6.2,21.8,0.26,1,28.707963726764223
2023,11,23,5,2023-11-23,4,0,4,82,1,49,24,0,22,110,1,74,1,362,195,5,3,4,49,5,7,0,0,10,15,0,24,3,0,3,6,3,15,6,2,46.6,1004.2,10.0,12.7,0.15,0,33.949571759259257
2023,11,24,6,2023-11-24,7,0,7,91,0,57,21,0,20,119,0,83,0,416,218,2,0,8,60,3,15,0,2,10,10,1,15,0,0,5,6,4,16,12,3,45.6,1016.1,10.0,9.6,0.0,0,34.940147357723575
2023,11,25,7,2023-11-25,8,0,8,100,1,59,9,0,9,117,1,75,1,409,208,2,0,7,59,5,9,2,0,16,15,0,19,3,0,2,7,5,15,13,3,34.5,1026.2,10.0,11.2,0.0,0,33.980062321180704
2023,11,26,1,2023-11-26,4,0,4,75,0,53,30,0,28,109,0,85,0,376,207,1,1,2,54,7,8,3,0,16,12,0,13,2,1,3,7,4,12,6,3,35.5,1026.2,10.0,6.7,0.0,0,32.640476230803976
2023,11,27,2,2023-11-27,10,0,10,99,0,69,25,2,26,134,2,104,2,493,260,2,1,13,72,8,3,0,0,13,17,0,26,3,0,1,7,7,11,14,8,50.8,1007.0,8.7,17.0,0.13,0,30.493639340560073
2023,11,28,3,2023-11-28,8,0,8,81,0,55,19,0,19,108,0,82,0,434,224,2,1,6,65,1,5,0,0,19,23,1,26,2,0,1,8,1,5,8,3,40.5,1006.2,10.0,11.3,0.1,0,29.542936522826768
2023,11,29,4,2023-11-29,11,0,11,101,0,64,29,1,28,141,1,102,1,441,234,1,0,9,56,5,6,3,1,18,15,1,24,2,0,4,6,8,10,10,7,34.1,1015.1,10.0,12.7,0.0,0,27.534947429597928
2023,11,30,5,2023-11-30,11,0,10,103,0,67,30,0,29,144,0,106,0,498,264,3,0,7,73,9,7,1,0,10,14,1,36,4,0,7,9,5,8,11,10,41.6,1019.6,10.0,11.0,0.0,0,29.1082246745897
2023,12,1,6,2023-12-01,12,0,12,95,0,73,57,0,55,164,0,140,0,591,328,2,0,7,87,8,11,5,0,46,13,1,26,5,0,3,9,6,9,12,8,49.2,1021.7,9.9,10.6,0.0,0,28.948239247691394
2023,12,2,7,2023-12-02,15,0,14,112,0,70,14,0,14,141,0,98,0,508,259,2,0,14,76,11,10,3,0,18,14,0,23,2,0,6,6,10,7,9,1,50.2,1016.7,6.8,7.8,0.14,0,31.907017276422764
2023,12,3,1,2023-12-03,11,0,11,109,1,83,25,1,23,145,2,115,2,469,258,3,0,2,71,5,9,10,0,15,14,0,17,3,0,3,7,8,17,8,2,46.6,1012.1,4.4,8.3,0.1,1,32.189277326106591
2023,12,4,2,2023-12-04,8,0,8,95,3,71,36,0,34,139,3,112,3,491,268,2,0,10,67,5,7,1,0,17,14,1,26,1,0,4,11,4,8,7,4,48.1,1005.2,8.2,8.8,0.4,1,31.137608401084009
2023,12,5,3,2023-12-05,11,0,11,83,0,61,28,0,28,122,0,100,0,464,253,4,0,12,81,2,3,1,0,17,9,2,32,3,1,5,1,5,12,13,3,41.4,1010.5,9.7,10.3,0.0,0,31.209025519421861
2023,12,6,4,2023-12-06,4,0,4,79,0,55,29,0,28,112,0,87,0,410,218,3,0,6,56,5,7,0,1,12,19,1,25,3,0,1,8,4,5,7,4,36.5,1013.9,10.0,12.0,0.04,0,30.533557192863597
2023,12,7,5,2023-12-07,15,0,15,86,1,62,30,0,29,131,1,106,1,496,268,3,0,10,81,8,1,0,1,23,20,1,30,3,0,1,4,3,12,7,9,31.6,1014.2,10.0,9.9,0.0,0,30.228097052845527
2023,12,8,6,2023-12-08,20,1,21,88,0,64,31,0,30,139,1,115,1,520,271,4,0,7,82,3,8,1,0,23,21,3,39,3,0,4,10,8,8,19,2,35.0,1020.1,10.0,5.0,0.0,0,30.704081978319785
2023,12,9,7,2023-12-09,18,0,17,152,0,92,21,0,21,191,0,127,0,517,267,5,0,10,75,11,15,1,0,11,25,1,31,4,0,2,8,4,4,13,5,42.3,1025.2,10.0,8.2,0.0,0,31.250663392050587
2023,12,10,1,2023-12-10,11,0,11,109,1,63,24,1,25,144,2,99,2,396,212,1,0,7,56,3,10,7,0,16,12,1,12,3,0,6,6,3,14,9,4,50.3,1019.8,7.6,9.9,0.0,1,33.062801022582022
2023,12,11,2,2023-12-11,16,0,16,103,0,67,47,0,43,166,0,126,0,503,286,2,0,10,67,4,8,13,0,25,21,2,25,3,1,4,8,9,12,6,11,51.6,1006.1,6.2,17.9,0.33,0,30.089329462659382
2023,12,12,3,2023-12-12,13,0,13,117,0,70,37,0,37,167,0,120,0,560,306,3,0,9,74,1,5,7,1,19,20,3,30,3,0,5,7,10,8,14,6,39.5,1024.1,10.0,12.4,1.04,0,29.867944273679417
2023,12,13,4,2023-12-13,15,0,14,82,0,62,30,0,30,127,0,105,0,478,258,3,0,8,72,8,3,1,1,20,15,3,27,2,0,3,5,7,7,8,3,44.0,1028.2,10.0,12.7,0.0,0,29.881105988160289
2023,12,14,5,2023-12-14,15,0,15,92,0,66,42,0,40,149,0,121,0,492,276,4,0,7,83,6,4,1,0,23,19,1,36,0,0,7,7,4,16,11,4,33.8,1033.2,10.0,12.5,0.0,0,29.146432149362475
2023,12,15,6,2023-12-15,12,0,12,129,0,75,24,0,24,165,0,111,0,563,303,4,0,12,84,1,12,1,0,15,16,1,40,2,0,3,11,9,15,9,8,42.4,1026.5,10.0,13.4,0.0,0,29.0665827071949
2023,12,16,7,2023-12-16,7,0,7,101,0,62,31,0,30,139,0,99,0,443,233,3,0,5,54,6,11,0,0,15,14,0,28,2,0,0,7,9,13,9,2,46.5,1028.7,10.0,11.0,0.0,0,31.03101007513661
2023,12,17,1,2023-12-17,12,0,12,94,0,55,22,0,21,128,0,88,0,424,236,0,0,4,53,8,11,9,0,9,16,1,23,4,0,4,6,2,13,7,5,46.8,1029.5,9.6,12.2,0.0,0,34.418953210382512
2023,12,18,2,2023-12-18,15,0,15,123,1,76,34,0,32,172,1,122,1,524,293,1,0,14,75,9,2,7,0,26,14,1,25,2,1,3,14,2,14,8,7,54.4,1002.6,4.0,26.5,0.19,0,29.713518603319976
2023,12,19,3,2023-12-19,15,0,15,104,0,63,31,0,30,150,0,106,0,503,262,3,1,6,79,3,6,1,0,24,29,1,27,1,0,6,5,5,12,10,6,46.0,1009.7,8.0,11.0,0.29,0,29.396470385674931
2023,12,20,4,2023-12-20,4,0,4,139,0,83,32,0,29,175,0,116,0,513,280,2,0,5,99,3,4,9,0,24,21,3,20,2,0,2,7,6,9,5,9,39.1,1022.1,10.0,13.6,0.0,0,29.27847078741965
2023,12,21,5,2023-12-21,10,0,10,101,0,68,32,0,31,143,0,109,0,515,280,2,0,8,53,1,5,3,0,32,27,2,33,2,0,3,12,8,15,7,6,37.1,1024.7,10.0,19.2,0.0,0,29.311746441689621
2023,12,22,6,2023-12-22,18,0,17,104,0,68,29,1,29,151,1,112,1,606,313,2,2,10,85,13,9,6,0,19,23,1,38,7,0,4,12,6,9,19,4,32.2,1029.6,10.0,9.9,0.0,0,30.632822256657484
2023,12,23,7,2023-12-23,11,0,11,91,0,55,18,0,17,120,0,81,0,415,214,0,0,7,51,5,12,0,0,14,12,1,21,1,0,1,8,5,18,8,5,31.8,1033.0,10.0,3.8,0.0,0,34.103039198806243
2023,12,24,1,2023-12-24,6,0,6,88,1,58,18,0,17,112,1,79,1,398,210,2,0,8,44,7,9,5,0,12,15,2,20,1,0,3,2,4,18,13,2,44.1,1030.6,10.0,5.5,0.0,0,35.989828397612492
2023,12,25,2,2023-12-25,9,0,9,82,1,52,9,0,9,100,1,70,1,317,153,2,0,3,25,4,9,0,0,8,17,1,13,3,1,3,9,4,9,7,2,46.8,1030.0,10.0,6.8,0.0,0,37.230632747933882
2023,12,26,3,2023-12-26,6,0,6,74,0,48,23,0,22,103,0,76,0,335,187,4,0,6,57,8,5,0,0,10,10,1,13,3,0,1,8,3,8,6,3,46.0,1026.5,3.6,5.5,0.0,1,33.64396493342516
2023,12,27,4,2023-12-27,6,0,6,85,1,51,46,1,45,137,2,102,2,412,229,4,0,4,66,3,6,4,1,20,9,0,19,1,0,1,13,3,9,4,5,45.9,1019.9,5.7,4.0,0.0,1,31.568758034894397
2023,12,28,5,2023-12-28,14,1,14,134,0,69,34,1,32,182,2,115,2,495,264,6,0,7,61,5,13,10,0,26,18,2,30,3,0,3,6,8,11,14,5,52.1,1005.7,5.5,10.9,0.0,1,28.78578569788797
2023,12,29,6,2023-12-29,11,0,11,107,0,72,31,0,27,149,0,110,0,494,257,8,1,11,71,3,13,1,0,17,27,1,19,2,0,2,7,6,10,8,6,45.5,1002.6,5.7,10.5,0.36,0,30.051296246926746